<?xml version="1.0" encoding="utf-8"?>
<LayoutModificationTemplate
  xmlns="http://schemas.microsoft.com/Start/2014/LayoutModification"
  xmlns:defaultlayout="http://schemas.microsoft.com/Start/2014/FullDefaultLayout"
  xmlns:start="http://schemas.microsoft.com/Start/2014/StartLayout"
  xmlns:taskbar="http://schemas.microsoft.com/Start/2014/TaskbarLayout" 
  Version="1">
<LayoutOptions StartTileGroupCellWidth="6" />
  <DefaultLayoutOverride>
    <StartLayoutCollection>
      <defaultlayout:StartLayout GroupCellWidth="6">
        <start:Group Name="Essentials">
          <start:DesktopApplicationTile Size="2x2" Column="0" Row="0" DesktopApplicationID="Microsoft.Windows.Computer" />
          <start:DesktopApplicationTile Size="2x2" Column="0" Row="2" DesktopApplicationID="Chrome" />
          <start:Tile Size="2x2" Column="2" Row="0" AppUserModelID="Microsoft.WindowsCalculator_8wekyb3d8bbwe!App" />
          <start:Tile Size="4x2" Column="2" Row="2" AppUserModelID="Microsoft.BingWeather_8wekyb3d8bbwe!App" />
        </start:Group>
        <start:Group Name="Microsoft Office">
          <start:Tile Size="2x2" Column="2" Row="2" AppUserModelID="Microsoft.Office.OneNote_8wekyb3d8bbwe!microsoft.onenoteim" />
          <start:DesktopApplicationTile Size="2x2" Column="2" Row="0" DesktopApplicationID="Microsoft.Office.POWERPNT.EXE.15" />
          <start:DesktopApplicationTile Size="2x2" Column="0" Row="0" DesktopApplicationID="Microsoft.Office.WINWORD.EXE.15" />
          <start:DesktopApplicationTile Size="2x2" Column="0" Row="2" DesktopApplicationID="Microsoft.Office.MSPUB.EXE.15" />
          <start:DesktopApplicationTile Size="2x2" Column="4" Row="2" DesktopApplicationID="Microsoft.Office.MSACCESS.EXE.15" />
          <start:DesktopApplicationTile Size="2x2" Column="4" Row="0" DesktopApplicationID="Microsoft.Office.EXCEL.EXE.15" />
        </start:Group>
      </defaultlayout:StartLayout>
    </StartLayoutCollection>
  </DefaultLayoutOverride>
  <CustomTaskbarLayoutCollection PinListPlacement="Replace">
    <defaultlayout:TaskbarLayout>
      <taskbar:TaskbarPinList>
        <taskbar:DesktopApp DesktopApplicationLinkPath="%APPDATA%\Microsoft\Windows\Start Menu\Programs\System Tools\File Explorer.lnk" />
        <taskbar:DesktopApp DesktopApplicationLinkPath="%PROGRAMDATA%\Microsoft\Windows\Start Menu\Programs\Google Chrome.lnk"/>
      </taskbar:TaskbarPinList>
    </defaultlayout:TaskbarLayout>
  </CustomTaskbarLayoutCollection>
</LayoutModificationTemplate>